SchemaFull,X0,X1,X2,X3,X4,fx-MLP,fx-InvDFT,fx-Shortcut
10000,1,0,0,0,0,0,0.03125,0
10001,1,0,0,0,1,0,-0.03125,0
11001,1,1,0,0,1,0,0.03125,0
00000,0,0,0,0,0,1,0.96875,1
