SchemaFull,X0,X1,X2,X3,X4,fx-MLP,fx-InvDFT,fx-Shortcut
01011,0,1,0,1,1,0,-0.03125,0
10001,1,0,0,0,1,0,0.03125,0
11001,1,1,0,0,1,0,-0.03125,0
11011,1,1,0,1,1,0,0.03125,0
00000,0,0,0,0,0,1,1.03125,1
00100,0,0,1,0,0,1,0.96875,1
01000,0,1,0,0,0,1,0.96875,1
01001,0,1,0,0,1,1,1.03125,1
10000,1,0,0,0,0,1,0.96875,1
