SchemaFull,X0,X1,X2,X3,X4,X5,X6,fx-MLP,fx-InvDFT,fx-Shortcut
0001000,0,0,0,1,0,0,0,0,0.1171875,0
0100000,0,1,0,0,0,0,0,0,0.1171875,0
0101000,0,1,0,1,0,0,0,0,-0.0390625,0
0000000,0,0,0,0,0,0,0,1,0.7734375,1
