SchemaFull,X0,X1,X2,X3,X4,X5,X6,fx-MLP,fx-InvDFT,fx-Shortcut
0101000,0,1,0,1,0,0,0,0,0.1953125,0
0000000,0,0,0,0,0,0,0,1,1.0078125,1
0001000,0,0,0,1,0,0,0,1,0.8515625,1
0100000,0,1,0,0,0,0,0,1,0.8515625,1
